zipcode,family_members,annual_income_requirements,qualifies
99203,1,43350,1
99203,2,49550,1
99203,3,55750,1
99203,4,61900,1
99203,5,66900,1
99203,6,71580,1
99203,7,76800,1
99203,8,81750,1
99203,1,43370,0
99203,2,49570,0
99203,3,55770,0
99203,4,61920,0
99203,5,66920,0
99203,6,71600,0
99203,7,76820,0
99203,8,81770,0