zipcode,family_members,annual_income_requirements,monthly_income,qualify
99203,1,43350,3613,pass
99203,2,49550,4129,pass
99203,3,55750,4646,pass
99203,4,61900,5158,pass
99203,5,66900,5575,pass
99203,6,71580,5965,pass
99203,7,76800,6400,pass
99203,8,81750,6813,pass
99203,1,43370,3614,fail
99203,2,49570,4131,fail
99203,3,55770,4648,fail
99203,4,61920,5160,fail
99203,5,66920,5577,fail
99203,6,71600,5967,fail
99203,7,76820,6402,fail
99203,8,81770,6814,fail